episode,timestep,raw_reward
1,105,-1004.8501936782498
2,176,-1004.704656515297
3,251,-1005.1224092944221
4,340,-1005.289882902655
5,440,-1005.0872617309052
